Equipment_Record_ID,Type,Air temperature [K],Process temperature [K],Rotational speed [rpm],Torque [Nm],Tool wear [min]
EQR-98B986B5F9,L,301.6,311.8,1507,38.5,63
EQR-01F95AC568,L,298.8,310.5,1464,43.0,2
EQR-13E3B46017,H,301.8,310.5,1356,49.3,78
EQR-DF3006D864,L,300.4,309.8,1519,29.1,108
EQR-21C2AFB054,M,300.6,311.0,1552,38.2,84
EQR-703CE68EF3,L,301.8,311.4,1715,30.3,150
EQR-A79C40D088,L,296.2,307.2,1613,32.8,117
EQR-61422CA521,M,300.6,310.9,1811,25.0,0
EQR-62284581EB,L,297.6,307.8,1621,32.8,95
EQR-63F4F48AB5,H,301.1,311.4,1526,33.4,144
EQR-42904FAF14,L,302.5,311.6,1256,59.8,10
EQR-895ABF1D18,L,297.6,307.9,1701,36.8,198
EQR-69A94E751A,H,300.6,310.8,1607,29.9,154
EQR-976D4CA0DE,L,301.5,310.4,1626,33.3,84
EQR-78E99C79D1,L,299.8,310.5,1465,44.5,6
EQR-E2344BED9F,L,301.4,309.2,1439,41.5,66
EQR-6CD5862707,M,301.9,311.6,1483,36.3,69
EQR-1C609DBEA4,L,296.9,308.2,1425,46.0,83
EQR-5F8091D523,H,300.3,309.9,1659,29.6,21
EQR-FFC4B92B46,H,296.3,307.4,1749,30.8,71
EQR-78F32039A2,L,300.8,310.6,1435,44.0,57
EQR-84BC5428A4,L,300.9,310.8,1383,43.6,168
EQR-719A86F3FB,L,297.2,308.4,1393,47.5,172
EQR-C6E5EFC52B,L,301.7,310.4,1430,44.1,37
EQR-E3E1EAB994,M,302.4,311.6,1789,24.1,73
EQR-2F807C6793,L,299.1,309.5,1481,48.7,34
EQR-82CFE60E52,L,300.5,311.0,1571,44.8,197
EQR-651E686834,L,299.2,309.2,1750,29.1,186
EQR-4AE279E16B,L,301.5,311.5,1503,39.7,24
EQR-5511CCD7B3,L,303.6,312.3,1436,50.2,121
EQR-FA11BC070B,H,299.4,310.6,1395,50.9,109
EQR-144887E2AA,L,301.0,311.1,1662,31.3,84
EQR-762A152C55,L,298.3,309.6,1363,55.9,35
EQR-2F236D6289,M,300.7,310.8,1753,34.3,112
EQR-57057DECAC,M,299.9,309.4,1500,40.4,63
EQR-0CE6E54536,L,300.9,309.6,1422,39.2,13
EQR-AC4FDAF368,M,300.6,310.4,1684,33.9,111
EQR-5E429CF04F,L,295.9,308.1,1578,41.2,112
EQR-9DE11E85F8,M,300.4,310.6,1313,60.9,33
EQR-2F4DDFB469,L,303.0,311.8,1488,37.5,57
EQR-1F2EA25F02,L,298.3,307.9,1667,33.3,15
EQR-780ADC0904,L,298.5,309.4,1651,28.4,217
EQR-8DAD47D87E,M,299.5,310.5,1377,53.2,181
EQR-9999CDCF67,M,297.4,308.0,1553,39.6,80
EQR-65756ECAAC,L,302.2,310.5,1400,55.5,139
EQR-4D05DCFA87,H,302.8,311.9,1563,35.0,139
EQR-F92E386936,L,300.1,309.2,1487,45.3,193
EQR-7289165539,L,302.1,310.8,1483,40.9,244
EQR-C0C12C50AC,H,303.8,312.6,1470,44.5,29
EQR-1410069876,H,298.5,308.3,1413,43.7,63
EQR-74A9198732,L,297.3,308.5,1549,42.9,28
EQR-3912DBBFFB,L,300.2,310.9,1760,31.0,152
EQR-F14AA866D0,L,298.2,309.4,1602,28.7,171
EQR-E6F128E84B,M,304.2,312.4,1462,44.7,94
EQR-D613365129,L,301.0,311.4,1478,40.8,167
EQR-59A48535D5,M,300.2,310.0,1435,33.5,175
EQR-5171427F98,M,299.0,309.5,1458,40.1,8
EQR-F6BDF12E54,H,298.1,310.2,1458,45.7,209
EQR-DC42F6D2D8,M,300.6,310.2,1566,31.8,124
EQR-9B4C4420A5,L,301.4,310.5,1589,40.3,76
EQR-35CE75FAD5,M,300.7,310.1,1362,54.5,128
EQR-78E91DEA27,L,299.7,309.0,1803,23.6,148
EQR-3A1D658F7A,M,300.7,310.5,1412,45.0,137
EQR-65FD1A5360,L,300.4,309.9,1541,40.0,129
EQR-98E705579E,M,296.6,308.0,1612,34.4,136
EQR-DB272193B2,L,298.8,309.7,1452,37.6,74
EQR-B588FFF2D4,M,299.9,308.6,1447,46.4,185
EQR-E741CDC1DA,L,302.4,310.6,1558,35.2,20
EQR-B27681C83A,M,301.2,311.2,1786,27.3,175
EQR-5099A9D9F3,L,303.5,312.2,1536,33.4,158
EQR-24A0BB04A6,L,302.4,309.9,1658,34.4,180
EQR-8214C6BE11,M,301.5,312.2,1356,48.1,59
EQR-7E2BED496F,L,299.0,310.0,1374,50.5,69
EQR-3F25BDAA0D,L,304.0,312.6,1551,30.8,70
EQR-3B4DD2D556,L,296.9,307.5,1521,35.0,157
EQR-CC651A1411,L,300.3,310.2,1471,43.8,99
EQR-1D8F8C5D4F,M,300.5,311.3,1595,35.9,190
EQR-DF66129796,M,298.3,308.5,1375,50.8,143
EQR-1F96000295,H,301.4,311.4,1442,41.8,105
EQR-E2E2801C6A,L,302.0,310.8,1838,22.3,157
EQR-2F50CAE4CC,M,300.4,310.5,1436,44.9,9
EQR-BDCA4F02DB,L,298.6,309.2,1456,37.7,41
EQR-0EDA32AA59,L,300.5,311.4,1741,33.2,200
EQR-D5C798990B,H,300.1,309.6,1380,49.2,80
EQR-4171FF1065,M,301.3,311.3,1550,41.5,197
EQR-67E67FAED7,M,300.7,311.4,1353,62.3,193
EQR-C3CE206A9C,L,298.4,309.8,1416,46.3,56
EQR-1DE09DF500,M,301.7,310.8,1978,21.6,21
EQR-91470A9FAA,M,299.6,308.9,1858,30.9,159
EQR-9B8E3B53D5,H,302.2,311.7,1446,50.0,153
EQR-71AD5DE27A,L,299.3,309.1,1460,42.4,184
EQR-74F225C11E,M,298.1,308.2,1490,38.5,104
EQR-05D7113C2F,L,297.6,308.4,1658,34.7,13
EQR-14EEB1400A,M,300.7,309.4,1641,39.6,181
EQR-70D1AD512B,L,300.8,310.0,1371,52.7,137
EQR-0EABFA5D4E,L,299.1,309.1,1447,49.5,88
EQR-7EF0C5E549,M,299.9,309.1,1492,39.8,21
EQR-96955F281E,L,300.8,311.0,1598,32.3,2
EQR-A2D9563423,L,300.3,311.5,1530,29.6,60
EQR-FC1023A0B7,L,298.5,309.1,1416,43.7,10
EQR-D8FCD5884D,M,300.0,310.8,1397,42.6,129
EQR-C2E32EC340,H,300.7,310.5,1207,69.6,164
EQR-D6DB9B4ED6,M,302.8,312.2,1518,41.0,33
EQR-41BE060E17,M,301.4,309.7,1612,35.6,231
EQR-6D56FB8B1B,M,297.4,307.9,1509,39.8,143
EQR-A0CB2C0F88,L,302.5,311.5,1528,42.9,194
EQR-5EF38AA98D,L,298.9,310.7,2203,19.1,179
EQR-7849453C14,L,298.3,309.8,1761,28.5,43
EQR-47ECC9EC07,L,300.2,310.8,1734,27.8,79
EQR-29DF26EC3D,L,298.7,309.3,1496,45.1,60
EQR-40C6F41532,L,301.0,311.6,1661,32.8,0
EQR-AF1967143B,L,297.2,308.4,1337,51.1,175
EQR-1A824957F9,L,299.7,309.6,1606,34.6,62
EQR-6C86CE3D59,M,299.2,309.3,1452,49.0,201
EQR-B8CD481EB7,L,298.8,310.1,1428,42.9,189
EQR-5870DF1B2B,L,301.5,310.9,1627,35.5,111
EQR-298960138D,H,299.3,309.5,1322,52.4,218
EQR-1C720A5A3A,H,300.0,309.0,1319,63.7,123
EQR-E0EED15B5E,M,299.2,308.6,1854,24.1,10
EQR-6D98BDA34C,M,298.5,308.4,1258,59.7,22
EQR-59D2217125,L,299.0,308.8,1441,46.4,85
EQR-41C186F918,M,298.1,309.5,1377,52.6,207
EQR-EC08D1BC34,L,302.1,311.0,1580,40.6,29
EQR-BAA397B493,L,304.0,313.4,1473,48.5,210
EQR-F909ACFDA2,L,300.1,309.0,1575,36.6,160
EQR-57E2091E8C,H,304.3,313.5,1868,29.7,126
EQR-1CDAB35B04,M,301.2,311.1,1570,32.3,109
EQR-4BC7540A70,L,300.3,310.7,1584,43.3,131
EQR-99D6C6CD0A,L,298.1,308.5,1540,41.3,80
EQR-4925AF98D0,L,301.5,311.0,1438,45.0,214
EQR-1764C58B67,M,300.2,311.2,1353,53.8,80
EQR-DD49F394A1,H,299.0,310.3,1565,43.9,124
EQR-9F0B389E0A,H,298.6,309.0,1542,26.2,134
EQR-FE10A06472,M,302.1,310.5,1612,37.2,53
EQR-525D405587,L,299.6,309.9,1488,41.6,86
EQR-5B82B2AFF5,L,297.5,309.4,1364,50.4,191
EQR-E5D203DB59,M,301.3,310.9,1492,39.1,155
EQR-C4B9F4CE57,L,302.2,313.4,1496,42.9,31
EQR-86A733C03C,M,300.7,310.4,1418,45.0,45
EQR-EB1AC4D942,L,299.3,309.8,1568,35.0,203
EQR-1DF07B5999,L,302.9,310.6,1480,36.0,134
EQR-7D74FCED5E,M,301.5,310.8,1425,44.9,181
EQR-EB42FA7FC7,L,297.4,309.5,1398,47.9,55
EQR-FFCCCCAF72,H,302.1,310.8,1294,56.8,49
EQR-CF721A51D6,L,300.1,310.2,1602,30.8,133
EQR-DD9BE7DA9E,L,300.1,310.6,1641,40.6,214
EQR-2E1B215E57,L,297.4,308.5,1851,23.6,136
EQR-22EE3840ED,M,300.6,310.2,1586,32.2,140
EQR-6EA8ECCF6A,H,303.7,313.2,1345,53.9,32
EQR-7678756931,H,298.8,308.9,1496,44.4,137
EQR-5EE84089A9,L,302.2,311.5,1381,46.2,2
EQR-930D06EA15,L,298.3,309.6,1477,38.1,35
EQR-463B37F156,L,300.8,310.9,1352,51.6,206
EQR-2F4DB1C98F,L,300.7,310.4,2449,15.0,124
EQR-E947FB1F66,L,300.4,309.0,1587,34.7,33
EQR-9AA4607114,L,301.7,311.0,1212,66.3,205
EQR-2BD201BBC8,L,301.1,311.6,1330,53.0,169
EQR-3441E1F693,M,298.2,309.2,1331,60.6,104
EQR-0AE4DD5153,M,300.2,311.1,1639,32.7,52
EQR-0481BECCE8,L,298.1,308.9,1553,32.9,215
EQR-89067A841E,L,300.9,311.0,1985,18.1,216
EQR-30E1FECBD0,M,298.8,308.5,1538,41.8,79
EQR-9144CF8716,M,298.4,308.6,1584,32.1,62
EQR-A4ED1C35F9,L,304.0,312.9,1692,28.8,159
EQR-CB6FB06337,L,299.0,309.9,1514,35.0,2
EQR-6D57624BA8,M,299.5,310.6,2271,14.2,135
EQR-D4305C6AFC,L,297.4,307.8,1390,47.9,100
EQR-6AD6A222AF,L,301.1,311.4,1585,44.8,13
EQR-A62E0A2861,L,297.3,307.9,1723,32.9,37
EQR-2CAD65D42B,L,297.4,308.4,1362,54.2,6
EQR-E3E906EFBE,M,298.3,308.7,1589,32.7,48
EQR-CE9EB25A42,L,298.9,309.4,1418,55.5,179
EQR-4C58C5C29A,M,296.7,307.6,1495,49.0,75
EQR-5CC108A8D4,L,298.2,309.1,1483,43.9,123
EQR-5D01D3F033,L,298.0,309.5,1603,32.5,118
EQR-6D9F78AB1C,L,301.6,310.0,1578,27.9,137
EQR-DE9BA0C08D,M,301.5,310.8,1763,28.8,23
EQR-A767B652DE,M,298.2,309.8,1413,43.4,11
EQR-9885EE9B47,H,300.7,310.1,1330,57.9,47
EQR-776188A5D7,H,301.5,311.5,1537,36.6,71
EQR-0A2D22D8B7,L,302.6,312.3,1293,65.7,125
EQR-A6C0AE6B91,M,300.4,310.1,1861,22.3,112
EQR-DA4BBCE74D,L,299.4,309.3,1432,46.4,125
EQR-C7B1D12E53,L,295.7,306.1,1694,26.3,78
EQR-3D494E9A31,L,297.2,307.6,1572,37.4,163
EQR-432EBA3E00,M,301.7,310.8,1479,37.7,189
EQR-B71380CA51,L,297.1,307.2,1707,31.9,162
EQR-22E64F60C3,M,297.9,308.7,1582,40.0,48
EQR-6E812AA3F8,L,299.2,310.2,1364,54.8,5
EQR-835AEFD195,L,303.7,312.1,1654,32.9,37
EQR-4D6CFE23BE,L,296.9,307.6,1596,36.0,84
EQR-C67D469362,L,300.0,309.4,1504,39.9,45
EQR-01DE7FE28A,L,301.7,310.5,1540,41.2,55
EQR-B2A7F7E18F,L,302.7,312.1,1965,23.8,132
EQR-61447671A6,M,299.0,309.2,1577,34.4,218
EQR-8A909C7361,M,300.9,310.1,1455,46.7,76
EQR-45C69008ED,L,300.5,311.3,1497,41.7,59
EQR-C58535CD6D,L,303.3,311.2,1665,36.9,51
EQR-1A6D3676AE,H,300.4,311.7,1532,39.2,79
EQR-0C805A460B,M,301.1,310.2,1532,36.2,174
EQR-6345F8F7CC,L,298.1,309.0,1640,34.4,110
EQR-40FED6061B,M,297.4,307.6,1506,42.3,226
EQR-EB0A4AC3F1,L,299.7,308.7,1312,53.6,200
EQR-5A7D2FAB97,H,300.6,311.1,1474,45.8,116
EQR-2B1BE39C9C,L,297.7,308.0,1402,47.7,124
EQR-B65107DAF7,M,301.9,311.7,1279,62.1,31
EQR-F82D3913A5,L,300.9,311.8,1353,52.3,35
EQR-13F35409EE,L,300.7,311.7,1592,29.3,201
EQR-FD15A4EE68,L,300.4,309.3,1796,23.9,17
EQR-64DAC1C157,M,302.4,311.7,1455,45.5,136
EQR-1276B9D0B3,H,299.0,309.8,1580,38.2,105
EQR-1A1B44FE2B,L,298.9,310.8,1521,38.1,21
EQR-B039875452,L,297.2,306.5,1627,35.2,202
EQR-87D16EBC08,H,300.4,309.6,1428,44.6,27
EQR-3F785460AF,H,300.5,310.7,1512,41.8,135
EQR-CA844EFAF7,L,303.4,311.1,1699,32.5,40
EQR-CF0CE814C3,M,297.5,308.5,1503,35.4,119
EQR-425B5AC09F,L,298.8,307.9,1555,39.2,194
EQR-F7FCAB13F1,H,298.5,310.0,1530,37.3,196
EQR-0DFCA6C159,L,300.3,309.8,1409,46.4,48
EQR-223C6B075F,M,298.7,309.5,1450,46.6,150
EQR-0D3C96A54D,H,300.7,308.4,1540,31.5,218
EQR-9D7DA26F6D,L,297.5,309.3,1463,41.8,207
EQR-521F8423B7,M,299.0,308.5,1413,50.1,109
EQR-D8ABE6B58B,M,299.6,310.7,1521,44.5,119
EQR-AC6AB65673,L,300.5,310.9,1641,28.4,190
EQR-2EDE011DA3,H,299.7,309.2,1877,21.4,32
EQR-178EE2A41E,L,300.8,310.9,2695,16.3,156
EQR-A51329DA27,L,298.9,309.7,1393,45.7,45
EQR-E7D2532FA0,L,300.7,310.6,1451,45.7,94
EQR-F785EDBFDF,L,297.9,307.6,1760,30.8,74
EQR-354149250B,M,300.1,310.4,1673,33.3,128
EQR-955045B2CA,M,298.4,308.3,1630,39.7,70
EQR-B670A013A1,L,302.0,310.7,1389,54.2,228
EQR-161D256054,M,303.7,312.4,1477,39.9,38
EQR-36B6CEE170,H,299.0,309.9,2194,17.8,15
EQR-2A3FD383D9,L,299.2,308.3,1596,35.7,35
EQR-87F0E830EA,L,301.1,310.2,1856,34.1,199
EQR-E6F9A6FBA4,M,301.7,311.8,1468,36.2,139
EQR-EA170713E5,H,304.0,313.3,1536,38.1,98
EQR-862BF0D958,L,299.9,309.6,1824,24.3,158
EQR-FC04BE0F9D,L,298.6,308.7,1550,39.2,119
EQR-8628F3BBFA,M,297.5,309.2,1530,40.4,150
EQR-A9D353192E,H,302.3,312.5,1389,50.1,76
EQR-B76483BE8E,H,302.6,311.0,1680,39.9,123
EQR-FB50AF95B9,M,302.4,310.6,1477,36.3,185
EQR-E458ADEBA7,L,298.8,310.1,1489,46.6,231
EQR-9C17EE9013,L,300.2,310.3,1509,36.7,59
EQR-B11F1195D2,L,301.8,311.4,1428,49.6,84
EQR-2BADCD463D,H,298.4,307.8,1520,32.6,11
EQR-01CD5ED353,L,299.0,311.2,1545,38.8,48
EQR-8784372F0A,L,300.4,310.1,1532,39.4,99
EQR-69954BE10D,L,303.1,313.0,1609,38.7,51
EQR-B3D04BB8A8,M,299.3,311.0,1705,34.2,26
EQR-3BEADE28C5,M,298.0,308.6,1393,50.6,147
EQR-01CF2CE214,L,302.6,311.1,1756,33.0,91
EQR-7B3F22AF03,M,298.9,309.1,1450,49.9,89
EQR-7186CD66BF,L,299.2,307.9,1466,44.2,112
EQR-E272630C5F,H,298.1,308.6,1413,45.7,188
EQR-16BB725A0D,L,302.0,311.6,1500,41.5,209
EQR-C1A1FAC09B,L,298.0,308.6,1507,36.1,109
EQR-75DC5DFED8,M,295.3,306.0,1430,45.4,197
EQR-C4B5BFAB9E,M,301.2,311.9,1386,46.3,70
EQR-D3CC5CD8C2,L,302.2,311.7,1524,38.8,83
EQR-1B6ACC6D15,M,297.7,308.6,1815,15.3,120
EQR-0B701F9F16,L,298.6,309.0,1433,48.0,204
EQR-53707FE760,L,298.8,311.5,1426,42.4,137
EQR-5D4683994D,L,300.5,311.1,1427,45.2,193
EQR-B1F3BA49FC,L,298.7,309.8,1758,28.3,99
EQR-5AB7F65A97,M,297.4,308.8,1290,55.0,28
EQR-56F8794B3E,M,299.7,309.2,1662,36.4,182
EQR-035994F4B6,L,298.6,308.5,1552,35.5,4
EQR-52E3C6E118,L,301.5,310.5,1566,36.3,55
EQR-1A245B055C,L,298.0,309.2,1413,45.5,32
EQR-185265D038,L,298.7,309.1,1506,36.6,29
EQR-E6A6B61573,L,298.4,308.7,1579,41.1,156
EQR-997DF1BC35,M,302.3,311.3,1629,36.4,7
EQR-DD682D4F32,L,300.8,311.2,1434,47.0,58
EQR-183EC3C1E0,L,297.5,308.3,1573,28.6,141
EQR-D5A0DF3300,L,300.7,309.6,1437,47.9,124
EQR-CF21F974FE,M,300.8,310.2,1415,52.1,207
EQR-C18BCD4ED9,L,300.3,311.5,1906,23.4,128
EQR-C43267AD39,L,301.3,310.2,1667,30.0,57
EQR-A1781A19B3,L,303.6,311.4,1435,51.3,40
EQR-2862022863,L,301.2,309.7,1561,40.6,128
EQR-C0C6FB3054,L,297.5,309.8,1514,35.0,72
EQR-72AAA21C67,L,297.2,307.5,1557,40.2,141
EQR-BC0455D5D1,L,295.8,308.0,1468,46.8,35
EQR-83315A2038,M,301.8,311.7,2179,19.7,188
EQR-D16BF624F6,H,304.0,313.4,1600,41.0,64
EQR-E2844D3795,L,302.6,310.7,1414,47.2,202
EQR-8196D39360,M,301.4,310.9,1763,31.5,141
EQR-D9EDC8C88B,L,301.7,310.7,1566,37.5,208
EQR-D0152872A5,L,298.4,309.1,1611,29.3,114
EQR-F9B4E65915,L,303.8,313.6,1566,32.8,75
EQR-7DE14D0F2C,L,297.4,308.0,1348,50.6,81
EQR-0EC259CFCC,L,298.6,308.8,1345,45.9,30
EQR-636768C38A,L,302.6,311.4,1972,26.9,20
EQR-688C0018B2,L,299.4,309.8,1614,34.3,80
EQR-9820422E77,L,300.7,310.6,1924,27.5,33
EQR-D70BBC7CC2,L,300.5,310.5,1571,31.0,135
EQR-A31AE0FB04,M,298.0,309.0,2130,21.6,42
EQR-C4032700FC,L,301.3,310.9,1532,35.3,139
EQR-DA99304BF6,L,300.2,310.7,1617,33.1,63
EQR-BDFC9115AB,L,300.4,310.2,1424,39.0,3
EQR-654F08863F,L,303.4,311.4,1333,49.7,68
EQR-BAA1987D18,M,304.2,312.6,1547,37.5,77
EQR-FB6C29C2A5,H,298.2,308.4,1359,51.8,60
EQR-0B6D186846,L,299.1,309.2,1505,35.0,108
EQR-3E64963A09,M,300.4,311.4,1469,45.8,197
EQR-76C774027F,M,302.4,311.0,1314,57.8,123
EQR-59A394F44B,L,300.1,309.4,1366,49.9,60
EQR-485D5122C1,M,302.1,311.6,1675,35.6,187
EQR-B3FA1EB3E5,H,300.9,311.0,1464,35.4,114
EQR-39E3B5674A,L,295.6,305.9,1304,61.4,130
EQR-4211B6256C,H,298.6,308.5,1274,53.8,156
EQR-00E6077AF0,L,298.3,308.7,1460,44.5,13
EQR-D147480EEA,M,299.6,309.0,1641,30.2,198
EQR-262C5E468E,M,300.8,309.6,1440,46.6,111
EQR-1B4DFB24A8,L,298.9,309.5,1451,46.3,144
EQR-219D05CFB0,M,297.3,307.7,1549,34.4,173
EQR-FD598A2359,L,297.3,308.7,1361,49.1,146
EQR-D7A35CA4CA,M,301.5,310.9,1491,31.8,39
EQR-3CD3455F87,M,298.7,308.8,1679,30.8,91
EQR-C855D57888,L,298.9,310.0,1346,55.2,32
EQR-6F19FBDAF2,L,300.2,309.4,1595,32.8,52
EQR-B7EAD0D4D6,L,301.6,311.2,1368,49.8,136
EQR-4D6B5EF8F5,M,298.7,309.4,1585,37.7,36
EQR-28FC88F673,L,303.1,311.3,1428,48.1,13
EQR-AE582F5862,M,298.1,308.4,1496,40.6,62
EQR-501E7A0892,L,302.4,312.2,1379,48.7,221
EQR-6E9429EE34,L,301.5,309.9,1360,45.4,172
EQR-7783E4633A,L,298.1,309.2,1693,32.8,137
EQR-3AEF500158,H,300.5,310.9,1413,43.1,204
EQR-B8000E289F,M,297.2,308.7,1730,27.1,192
EQR-755263774E,M,301.4,311.2,1417,43.7,136
EQR-CA189477D1,L,298.4,309.6,1359,50.8,5
EQR-C195047BF1,L,298.5,309.0,1542,39.4,29
EQR-693C8E33F2,L,300.5,310.7,1383,47.6,140
EQR-102F68A7E3,M,302.0,310.7,1346,46.3,215
EQR-395F3958D0,M,303.9,313.3,1411,46.9,56
EQR-8A93BAAA0B,M,300.8,311.0,1538,36.7,130
EQR-92A90EB197,L,300.0,309.1,1534,38.3,33
EQR-27845139B5,L,299.0,309.4,1689,32.1,77
EQR-F097FFBA2B,L,298.2,308.3,1337,47.0,86
EQR-6970E21D5C,L,303.5,310.6,1350,53.5,107
EQR-7182C40BB0,L,300.9,311.0,1703,26.5,144
EQR-CB79CD8398,L,298.1,308.5,1668,34.7,22
EQR-F6DE683345,L,300.3,310.7,1432,45.5,89
EQR-564A6BFE3F,M,298.2,309.6,1459,44.4,84
EQR-FA7512454D,H,299.2,309.9,1581,36.8,37
EQR-9B78E29BDB,H,303.7,313.3,1642,36.6,103
EQR-79A8AA1EED,L,301.4,310.7,1731,37.7,21
EQR-4D78E55F79,L,302.5,310.7,1651,34.8,218
EQR-F6089EB557,L,295.6,306.3,1709,33.1,138
EQR-D8B4710BA1,H,299.2,310.5,1254,62.2,91
EQR-5629DFFAE5,L,302.6,311.7,1680,40.0,0
EQR-1C567E468A,L,300.2,309.0,1535,35.9,20
EQR-7DEB94B1E8,L,300.3,310.0,1487,37.0,110
EQR-A9C6C565F6,L,298.2,309.7,1590,33.5,226
EQR-06DE75EE3A,L,300.3,310.5,1462,46.9,114
EQR-18584874F8,M,298.2,308.6,1623,30.2,119
EQR-0E54C7AED4,M,300.8,311.2,1568,36.1,139
EQR-E76590BF11,M,299.1,309.6,1392,44.5,25
EQR-262BA9FD73,L,299.2,309.0,1433,46.2,41
EQR-2352DC7A48,L,300.7,310.5,1446,38.1,58
EQR-99AD15AD90,L,301.2,310.6,1789,27.0,151
EQR-D91EC632A2,M,298.2,308.3,1483,36.2,113
EQR-A115149319,L,300.7,309.2,1527,40.8,119
EQR-D2CA11B7D2,M,297.7,309.2,1621,38.0,28
EQR-D58C8FD88D,L,301.0,310.0,1555,37.7,200
EQR-2450483840,M,299.1,310.0,1469,38.5,109
EQR-06A66E641C,H,300.7,310.4,1488,35.5,138
EQR-7167178A35,L,297.5,307.8,1552,37.2,159
EQR-4DAB07A79E,L,298.2,307.6,1628,31.8,100
EQR-A492994D80,M,302.2,311.4,1540,36.9,114
EQR-6865B0DD31,L,301.2,311.0,1517,39.7,65
EQR-E04D240043,L,300.5,310.2,1435,44.3,15
EQR-BAD5597DD1,L,297.9,308.5,1589,39.4,170
EQR-AB694001D2,L,297.9,309.4,1791,28.8,68
EQR-AB2773237D,M,297.2,308.8,1551,35.5,14
EQR-25F94E79DC,L,299.8,308.6,1450,44.4,34
EQR-D5BDBD1935,M,300.1,310.8,1717,24.8,197
EQR-D45BE5F4B4,L,299.1,310.1,1372,49.8,87
EQR-9081BA7E2A,L,297.3,307.8,1641,22.6,75
EQR-4D882E3649,L,301.3,311.9,1527,43.1,86
EQR-5BCAEF7326,L,297.4,308.3,1527,37.1,43
EQR-7043C26B66,L,299.5,310.1,1539,41.0,44
EQR-D2E6C0E6CC,L,300.7,310.1,1351,51.3,40
EQR-9240EF5749,M,302.4,311.6,1558,42.4,21
EQR-BA01D2C7E4,L,299.0,310.0,1560,32.7,184
EQR-B178B1BDDC,L,297.1,307.8,1790,28.1,71
EQR-DFDF813489,L,300.0,309.3,1713,36.3,198
EQR-F936CD452C,L,298.3,310.4,1275,61.9,187
EQR-4C4E28946C,L,297.7,308.6,1605,24.9,215
EQR-371AAAB53B,L,304.2,313.6,1559,39.2,111
EQR-17F99315DA,M,297.2,308.4,1505,39.6,158
EQR-0A712501A2,M,298.2,308.7,1711,28.9,75
EQR-F04068CCB7,L,302.4,311.8,1505,37.2,38
EQR-80D596D283,L,301.6,310.8,1577,30.8,91
EQR-307631BDE2,M,300.6,309.4,1715,24.9,205
EQR-3AE455A12B,L,302.5,311.2,1446,39.5,129
EQR-F683887071,M,299.1,309.1,1380,54.8,174
EQR-C4A32B3A1E,H,299.5,308.9,1419,44.7,166
EQR-F44BC5909A,M,300.6,309.8,1401,47.0,186
EQR-23487CF200,L,299.4,309.5,1430,41.2,115
EQR-8C35AF57C5,M,299.9,309.7,1403,40.3,94
EQR-43A2844F76,M,297.3,308.2,1384,50.0,57
EQR-49BFFD6E08,L,298.3,308.6,1469,51.2,109
EQR-85ADB7378B,L,302.3,310.9,1309,61.0,140
EQR-E61423F1C9,L,301.2,310.3,1465,38.2,66
EQR-DEFF7B7A35,L,302.2,311.2,1463,51.2,37
EQR-BF80ACB983,L,301.0,311.1,1402,49.8,23
EQR-A4BD15C877,M,300.6,309.2,1655,32.9,75
EQR-477E9F1924,L,297.4,307.9,1494,40.3,129
EQR-8722F5D53E,L,301.3,310.6,1497,40.3,138
EQR-B78C650BFA,L,301.0,310.5,1471,45.1,15
EQR-54DE3ECB96,L,303.5,312.8,1403,45.9,189
EQR-88FFB23289,L,298.1,310.6,1602,28.4,34
EQR-9114914801,H,300.2,311.0,1546,39.1,116
EQR-7D230883F0,L,299.1,310.1,1405,45.3,77
EQR-5E6B26C4CD,L,302.0,311.1,2256,16.2,180
EQR-6D6EEC0D85,L,298.8,310.2,1734,28.8,187
EQR-9620A96031,L,302.2,312.5,1403,50.3,7
EQR-F71C9D4A6B,L,301.8,310.8,1646,30.8,209
EQR-501C9E460A,L,303.7,313.3,1478,44.7,135
EQR-0199A1297E,L,300.6,309.5,1436,47.0,11
EQR-5EDCD6880F,L,297.4,308.5,1528,42.8,7
EQR-7048AD9B5F,L,297.3,307.3,1521,41.6,134
EQR-F48C38BE77,L,302.3,311.2,2055,18.9,23
EQR-D85A36A5C8,L,302.9,311.9,1501,42.4,152
EQR-FB97316065,M,300.4,311.1,1722,25.4,15
EQR-EECFEA5539,M,299.3,307.7,1519,40.1,0
EQR-A4279AAE10,L,301.4,311.5,1679,27.9,28
EQR-7B87E9A89E,M,301.9,311.6,1615,32.5,67
EQR-978C14568B,L,297.5,308.7,1590,41.6,39
EQR-2B2D9BFB09,L,303.9,312.9,1542,39.6,139
EQR-2DE9B3EF7F,L,304.0,312.5,1336,51.8,188
EQR-59CA7A36C8,M,298.9,309.7,1773,31.5,131
EQR-49EE376A40,L,297.9,307.6,1674,31.0,36
EQR-AD530657DC,L,300.9,310.7,1642,40.9,132
EQR-27ABFF120A,L,299.2,309.8,1713,28.7,13
EQR-03436002B5,L,304.2,312.2,1387,51.0,55
EQR-C68658A239,H,301.4,310.0,1451,44.2,42
EQR-2F727EC5F3,H,298.1,308.6,1620,35.3,117
EQR-08AB6D1F7A,L,299.5,309.3,1467,44.1,160
EQR-AB32B7DB56,L,296.9,306.7,1729,27.2,45
EQR-D4000FAEF2,M,298.8,308.5,1457,47.7,194
EQR-60C007F9EB,M,301.4,310.9,1325,50.5,187
EQR-B287811D22,L,297.8,308.2,1572,37.4,200
EQR-9FE425FBB7,L,297.1,308.2,1578,36.6,5
EQR-42CE9C47A0,M,300.9,308.6,1732,27.7,120
EQR-E0EF5FA186,M,301.8,310.8,1613,33.2,2
EQR-E6D5E76CB5,L,300.2,310.1,1701,23.3,143
EQR-EAD81AAAAE,M,296.8,307.2,1449,41.3,3
EQR-0C8893AE60,M,301.2,310.2,1647,27.5,3
EQR-1A44C82411,L,299.5,309.9,1528,40.9,11
EQR-2507C80F36,L,301.8,311.4,1395,45.2,169
EQR-DF63099A8B,L,300.5,310.1,1386,45.2,151
EQR-983A06B551,M,301.5,311.7,1823,27.3,115
EQR-5672000800,M,299.7,310.8,1570,31.2,99
EQR-7DBECC14BC,L,300.8,311.5,1469,42.9,42
EQR-C93787941E,H,301.1,310.4,1483,40.0,203
EQR-311D284A85,M,298.2,308.9,1635,37.1,84
EQR-A862F1C40A,L,298.0,308.0,1409,45.9,71
EQR-4B95EDA602,L,297.9,308.5,1444,43.5,81
EQR-EBE714368C,L,297.5,308.6,1863,30.4,145
EQR-A4B19585E5,L,301.5,311.5,1320,55.4,193
EQR-64AC6F260B,M,298.0,309.5,1257,61.4,31
EQR-646FA9C012,L,302.4,312.8,1501,39.0,95
EQR-B5A6844563,M,298.2,307.8,1640,38.0,0
EQR-BFA75F9618,L,300.5,309.1,1580,35.2,114
EQR-B7FB40923E,L,299.2,310.8,1641,30.5,244
EQR-C69F5FC8D2,M,298.0,308.6,1428,43.4,163
EQR-1F0DC96A55,M,298.4,309.6,1699,25.8,113
EQR-D9DE192EAC,L,301.3,311.3,2032,20.5,147
EQR-E5979F9CA3,M,300.1,309.0,1421,47.8,152
EQR-E2FFCAB653,M,298.5,309.0,1841,29.2,146
EQR-D12DBC2BDD,L,298.1,308.7,1416,47.7,134
EQR-4BAF89175A,M,302.5,311.8,1323,62.0,215
EQR-F986CE7724,L,299.7,310.3,1446,40.8,168
EQR-7F8A494A38,L,301.5,312.3,1282,63.5,178
EQR-DD0325EE18,L,297.7,308.0,1453,48.0,120
EQR-BBD2A1CC5A,L,296.3,307.9,1473,40.7,177
EQR-4135EBCD8A,L,299.0,308.5,1397,49.6,110
EQR-30C1D94ACE,H,295.6,307.2,1457,41.8,204
EQR-3E804AA01C,L,298.9,308.9,1802,30.1,181
EQR-722918FF9F,L,301.4,311.2,1683,36.0,160
EQR-994754E6B5,H,303.4,312.7,1366,50.5,206
EQR-24DE699F68,L,303.7,312.8,1705,21.3,86
EQR-617FD384C5,H,302.2,311.6,1399,47.6,195
EQR-E9D75023FB,M,299.9,310.1,1506,41.3,88
EQR-5CA1385C0F,M,302.5,311.1,1751,24.7,201
EQR-54737A3D31,M,298.0,309.4,1544,34.0,7
EQR-F0ABAF0C16,L,302.5,312.3,1560,36.0,212
EQR-82567A99D8,L,300.2,308.9,1378,46.0,129
EQR-6368B8571D,M,297.4,308.5,1575,33.6,170
EQR-798E6DECFB,H,297.9,309.3,1409,43.5,96
EQR-FD82C04A67,L,298.4,308.8,1278,62.0,8
EQR-BE7E0CF5C1,L,298.9,308.0,1541,35.9,142
EQR-8159F5C8A0,L,297.4,308.0,1541,38.6,18
EQR-1E0B532150,L,300.6,309.4,1660,32.3,147
EQR-02A5E879E9,M,301.5,311.4,1469,45.4,144
EQR-715DA7811A,L,299.6,309.9,1672,35.6,134
EQR-8A35533ADA,L,304.2,313.4,1710,30.2,189
EQR-2B350573AC,L,303.3,313.1,1815,26.0,73
EQR-2A29F33077,M,297.7,308.2,1596,41.7,200
EQR-EC3413993A,M,298.4,308.6,1611,37.5,101
EQR-F505DF390F,M,298.7,309.2,1398,44.1,164
EQR-00C78DF03D,M,298.5,309.0,1495,38.6,202
EQR-7F8E2530DE,L,301.6,310.2,1663,35.8,95
EQR-801A333ED3,L,297.1,307.7,1608,35.4,203
EQR-0EEC536185,L,297.3,308.0,1618,37.2,99
EQR-BA840B0E92,L,300.2,310.7,1431,48.0,139
EQR-D47BA1812B,M,301.3,310.8,1378,51.1,97
EQR-00FE3C4C23,L,295.8,307.5,1476,40.3,98
EQR-65E14A9D71,L,301.7,310.2,1734,26.5,141
EQR-E66C2400D9,M,303.2,311.7,1502,34.3,39
EQR-5B18F69F50,L,298.7,310.1,1378,48.2,150
EQR-867F992CC5,L,303.7,313.3,1461,43.0,99
EQR-422F4C76F7,M,299.7,308.9,1402,49.4,86
EQR-317C15FEEB,L,299.8,310.7,1499,45.7,55
EQR-27A5698A98,L,300.3,312.2,1395,53.4,196
EQR-D9FCB4ED98,L,299.9,309.1,1483,39.7,105
EQR-D50E01E20B,L,301.6,310.5,1478,39.8,140
EQR-05325E2EE9,M,295.5,306.6,1382,47.2,124
EQR-900DBE1FFC,L,300.2,310.6,1543,38.2,135
EQR-4C2D0E753D,L,301.9,311.3,1513,40.7,103
EQR-C81ED10A8F,M,298.3,308.1,1740,29.8,0
EQR-98897739FE,H,297.4,307.7,1669,34.9,200
EQR-96F0364E69,L,303.4,313.0,1515,47.0,25
EQR-75553F8BEE,L,299.2,309.4,1574,36.2,67
EQR-BDEB5E8865,L,297.4,308.7,1388,49.8,169
EQR-F9EEA2FA02,M,301.7,312.4,1523,36.8,49
EQR-65CCE7D180,M,300.2,310.7,1532,37.9,199
EQR-1F23024BA5,L,296.2,307.3,1585,31.6,71
EQR-6FAD8B174A,L,302.5,311.9,1443,43.6,105
EQR-EDB84514D7,M,300.5,309.3,1627,28.9,50
EQR-6BE7186730,L,303.8,312.3,1423,44.6,199
EQR-FD317EFD40,M,298.1,308.4,1474,37.2,146
EQR-5BB60884C9,L,298.4,309.7,1677,28.5,47
EQR-54799AEE5E,L,302.3,311.0,1450,40.2,183
EQR-484AB704D9,M,300.6,310.3,1372,54.1,37
EQR-17780A31AF,M,299.7,310.9,1436,51.1,105
EQR-C0026A7204,L,302.3,312.9,1405,41.2,21
EQR-4F91DCB408,L,302.8,311.0,1740,33.5,153
EQR-875ABF52D6,M,300.4,311.6,1276,69.0,85
EQR-8C898527A6,L,300.4,309.8,1587,32.8,17
EQR-432D9B00A2,L,301.3,311.1,2564,16.4,173
EQR-B9AC56C8B7,M,300.2,310.1,1697,33.7,43
EQR-0BC3EF9540,L,298.6,308.0,1545,42.3,166
EQR-3E758C3FF3,L,302.2,311.3,1461,39.7,225
EQR-23571277B9,L,298.2,308.9,1367,48.1,112
EQR-76239CB951,M,302.8,310.0,1723,39.9,124
EQR-84CED44082,L,300.3,310.3,1443,46.3,135
EQR-B27ACD193F,H,295.9,306.6,1418,46.7,184
EQR-5C940186F7,M,298.8,308.6,1429,48.3,192
EQR-9CD7C7B1EF,H,302.3,311.6,1467,41.0,23
EQR-B06FCFE8DD,L,297.9,309.7,1698,33.9,160
EQR-6C35E95DF4,M,297.8,308.9,1451,37.4,110
EQR-34D8672E5A,M,298.3,308.4,1380,50.8,139
EQR-4B6E278F58,M,302.4,311.4,1463,43.1,61
EQR-75715FB4FA,L,302.0,312.2,1294,65.1,18
EQR-D49F68FB8B,L,299.0,310.1,1343,56.9,115
EQR-7E7C8785B2,M,302.1,312.2,1447,39.2,80
EQR-F2E28749F9,L,303.9,312.6,1534,46.5,163
EQR-32FF9DFF24,M,298.9,309.7,1270,58.7,221
EQR-E917F265A9,H,300.6,309.7,1443,37.5,94
EQR-D7D518A2EE,M,303.3,312.1,1378,57.8,120
EQR-D216D66058,M,295.9,307.4,1394,51.5,146
EQR-9D4502B611,L,301.3,312.9,1459,37.6,190
EQR-D7F12E60F7,H,300.8,310.1,1592,34.6,188
EQR-776A5B0181,M,298.7,309.0,1304,54.3,149
EQR-C1F5B9A3DF,L,296.6,307.8,1616,30.9,49
EQR-2DB9A83EF3,L,299.1,309.1,1442,41.1,251
EQR-275B8BB423,L,300.1,310.7,1482,50.1,182
EQR-51FCF6E688,M,303.3,311.7,1260,63.9,217
EQR-A85FBA46D7,M,302.0,310.3,1347,54.6,93
EQR-F1268B4570,L,298.0,307.9,1706,35.3,107
EQR-3B8C69597C,L,302.3,311.1,1791,23.2,71
EQR-D8CD55FAC5,L,297.4,307.9,1465,43.9,51
EQR-D365E6575A,L,301.2,309.9,1461,45.1,17
EQR-7A53F7C56B,M,299.3,311.0,1549,43.2,80
EQR-1A1DB28A37,L,299.0,309.4,1695,36.5,182
EQR-8AF71E11E1,M,299.3,310.9,1541,40.9,40
EQR-272D42EC19,H,300.9,311.6,2029,17.0,136
EQR-BA6BF40CF2,M,303.0,312.3,1526,37.8,33
EQR-1EC8A55B63,L,301.9,311.1,1807,22.3,185
EQR-70566CDB7E,L,298.4,310.9,1563,36.0,25
EQR-9C37BC1CBF,M,302.3,312.7,1543,34.7,154
EQR-A8A897EF16,L,302.4,311.7,1660,37.6,179
EQR-53BF104BB1,L,302.9,312.1,1440,44.5,15
EQR-F9AB568DA4,M,303.5,310.6,1331,53.3,180
EQR-17A5B55F2D,H,297.5,308.9,1583,36.0,189
EQR-DBE9EB3A77,M,303.2,313.2,1542,35.8,158
EQR-E8C0967AD5,M,300.1,310.4,1835,25.2,105
EQR-816E0FC4E3,M,302.8,312.9,1666,30.6,129
EQR-4906B29139,M,302.4,311.7,1373,57.8,32
EQR-B87CA9D983,L,296.6,306.0,1559,41.8,200
EQR-2F65869A0C,M,303.4,311.7,1543,35.7,199
EQR-91D04C8A07,M,301.8,310.8,1564,38.6,29
EQR-8D51067CD4,H,298.8,310.0,1641,31.6,215
EQR-E18F0469AF,L,298.2,308.0,1396,57.7,22
EQR-A4E273A4AA,M,300.4,311.2,1364,52.7,79
EQR-77ABA18773,L,297.2,307.2,1517,33.4,5
EQR-6961B8261C,L,296.9,307.8,1635,35.8,90
EQR-F60E55CD0A,L,299.0,310.3,1472,43.8,33
EQR-96FFE8F602,M,303.5,311.8,1748,19.8,211
EQR-2664A0AA3F,H,298.8,310.6,1582,36.4,99
EQR-E82C23EFFC,H,299.0,308.8,2141,19.6,198
EQR-364085AF0B,M,298.8,310.4,1525,42.5,177
EQR-641D7C2A36,M,297.8,308.5,1340,52.9,50
EQR-2B4008907A,M,298.4,308.7,1422,46.7,47
EQR-D5616FC016,L,297.9,309.8,1568,28.1,136
EQR-58324F7C42,L,300.1,310.5,1366,51.1,86
EQR-CBFB2A6131,L,298.7,309.5,1400,44.1,153
EQR-FAF4CF9C13,L,297.5,308.3,1308,59.0,178
EQR-5A56BFB805,H,298.5,308.4,1523,47.3,77
EQR-D471924C62,L,297.4,307.9,1496,28.1,91
EQR-C30DBC83BD,L,300.2,310.7,1423,47.2,183
EQR-4E4123E301,M,303.3,312.6,1621,31.8,159
EQR-AAFAA0F9A1,L,299.6,310.7,1349,51.0,55
EQR-76209FA290,L,303.9,312.4,1623,34.8,98
EQR-E9A458FCF8,L,300.1,309.3,1483,34.6,155
EQR-5C49957B14,L,298.8,310.0,1329,54.9,110
EQR-3197A7AFCB,M,298.0,308.3,1494,38.8,183
EQR-4C0334BB13,M,301.7,310.8,1251,67.3,56
EQR-4172856C20,L,297.0,307.8,1323,55.1,54
EQR-13E7EB0139,M,299.7,309.7,1274,62.4,83
EQR-00B1260324,L,298.4,308.9,1468,37.3,76
EQR-9FA255B46D,L,296.9,308.0,1480,40.3,117
EQR-416F64E6C9,L,300.3,311.0,1577,37.9,146
EQR-8A872A49DC,L,299.1,309.5,1357,49.1,19
EQR-E71629D469,L,301.4,310.9,1352,52.7,70
EQR-2132218AB1,L,297.1,308.7,1601,39.9,179
EQR-672A6C8710,M,298.7,307.8,1498,47.3,132
EQR-636925B33D,L,297.1,307.5,1447,44.7,96
EQR-D28A869BD5,M,300.4,311.4,1547,35.3,171
EQR-A19DD31B42,L,299.9,310.6,1626,37.2,207
EQR-EF3EEB5DEF,L,297.1,307.5,1451,47.9,148
EQR-E40BC64E09,M,298.6,309.7,1589,35.4,160
EQR-DF0D9A31EF,M,299.2,310.3,1422,48.0,67
EQR-F69EC1F95F,M,302.0,310.5,1491,45.7,79
EQR-DD91A549D3,L,296.2,307.4,1697,27.2,203
EQR-F85E664A95,L,295.6,307.3,1477,37.0,0
EQR-6BBB6DDB4F,L,301.4,311.5,1530,36.2,179
EQR-81ABCB8F14,L,297.8,308.4,1505,38.8,73
EQR-1E152103CB,L,303.8,313.1,1486,46.3,69
EQR-3041ED94A8,L,302.1,311.2,1579,28.7,66
EQR-9D31202D72,L,300.6,309.4,1433,46.8,174
EQR-76BF5A93A2,L,298.2,308.3,1359,56.4,208
EQR-E661916844,L,298.0,308.6,2695,18.2,181
EQR-459865FEB4,L,297.4,308.6,1402,45.8,167
EQR-F6F5BBBD5E,L,301.0,311.0,1301,65.2,6
EQR-81558BFB47,L,300.6,309.1,1359,58.3,113
EQR-7A68E0EC98,L,298.2,307.6,1567,31.3,193
EQR-29B0AC8F61,M,299.1,309.9,1708,30.5,103
EQR-934E8BC0C4,L,301.2,311.0,1627,38.3,185
EQR-8399D62357,L,298.7,308.6,1378,50.9,197
EQR-D7C77682D1,L,298.8,308.5,1579,28.9,25
EQR-A08A0EB8B4,L,299.0,308.6,1609,38.6,59
EQR-58DC29D2BD,M,298.9,308.7,1230,66.5,103
EQR-39BFB1B2AB,L,300.8,311.3,1609,30.5,197
EQR-03242B819C,L,300.6,311.1,1944,29.9,14
EQR-3424CF3D14,L,299.4,309.6,1439,45.6,131
EQR-6AE6DB9A82,M,300.3,310.4,1987,25.6,183
EQR-AD3321C200,L,300.9,310.6,1983,19.8,32
EQR-B3208D11EA,L,298.6,310.0,1567,35.0,201
EQR-E3E7E7E51D,L,296.8,306.1,1420,46.3,155
EQR-CBA5E97995,H,299.3,310.9,1732,28.5,147
EQR-D743C775FD,L,297.2,307.4,1730,33.0,181
EQR-5717F243EB,M,299.2,310.4,1448,47.9,57
EQR-2B0B550D96,L,298.7,309.4,1737,28.5,91
EQR-65814EEC53,L,300.4,309.6,1602,39.3,215
EQR-5F385E2179,M,299.0,309.5,1620,32.8,103
EQR-55B0A066E4,M,298.6,308.7,1412,47.3,72
EQR-E69FB7CD1B,H,299.9,309.3,1394,49.0,89
EQR-55BDB3F129,L,297.0,306.2,1461,44.7,176
EQR-BF4CA34133,L,300.7,310.7,1409,42.8,46
EQR-EAC2EBD560,M,302.5,311.4,1626,36.9,179
EQR-05836F1154,L,301.2,309.7,1439,43.6,97
EQR-95FB247106,M,297.9,308.3,1744,26.3,170
EQR-2D265F284F,L,297.0,307.6,1316,56.5,132
EQR-18D8FD5283,L,299.0,310.1,1653,32.2,124
EQR-04E14E6ADE,L,301.3,311.1,1594,40.0,49
EQR-4CA90973D4,H,301.7,310.6,1364,57.2,158
EQR-6BA39C0D3D,M,298.9,308.0,1711,35.3,92
EQR-70BC172D1A,M,303.8,313.2,1485,46.9,124
EQR-A3A5CCA5E4,H,297.9,309.5,1546,32.0,10
EQR-7F6622BFE3,L,298.7,309.4,1915,31.2,121
EQR-901729FF04,L,301.0,309.0,1407,45.3,222
EQR-7A47F50D45,L,297.0,308.2,1528,38.2,0
EQR-C278F63105,M,302.3,310.6,1598,39.9,71
EQR-C04C279C20,M,295.3,305.9,1440,43.8,146
EQR-425AEB31A0,L,300.1,310.8,1620,39.8,193
EQR-34E4BB9032,L,297.9,308.6,1441,41.1,106
EQR-2A4874030D,L,298.5,308.7,1511,39.0,74
EQR-0F53F2911B,M,300.4,308.9,1524,36.7,94
EQR-C8882ED91D,M,300.7,309.4,1742,31.9,92
EQR-BF6A68F8AB,L,298.8,309.6,1611,38.9,97
EQR-44542969CC,L,298.1,308.9,1465,41.7,66
EQR-7062AF7A04,L,298.5,309.7,1365,53.5,21
EQR-3555798F2B,L,300.6,309.6,1495,40.8,127
EQR-38DB0E5ED3,L,297.4,309.2,1450,43.0,83
EQR-D8B4B5F165,L,298.3,307.8,1365,53.5,156
EQR-90149955CB,L,298.9,309.0,1473,45.8,131
EQR-998A0589D5,L,298.2,310.5,1574,39.4,215
EQR-55BCF6F30B,L,298.7,308.3,1530,39.2,142
EQR-D07159ED24,H,302.6,311.9,1637,36.5,5
EQR-DA8159DD29,L,300.0,310.1,1430,43.5,108
EQR-9AA9064C89,L,300.4,310.9,1691,33.0,43
EQR-C3E2797156,H,301.1,310.8,1692,18.7,74
EQR-2AA35F4C34,L,298.5,309.0,1354,49.2,124
EQR-7C82C0CF65,L,297.0,308.0,1442,45.0,177
EQR-ED00D72D77,M,301.6,311.4,1420,44.1,54
EQR-26026AAEAC,M,300.1,309.6,1366,59.7,48
EQR-60A2CADF22,L,299.1,309.3,1628,40.0,72
EQR-FEE1A2CE9C,L,300.8,311.4,1800,24.6,149
EQR-4F84325C03,M,302.1,310.3,1523,44.8,159
EQR-0C6866B025,L,297.7,308.0,1453,40.3,50
EQR-F1520CEBAA,M,299.3,311.2,1348,59.1,166
EQR-CEE88F22FF,L,302.0,310.2,1785,31.0,56
EQR-D2224D24EA,M,297.4,308.7,1521,42.7,54
EQR-0B9C9A1570,L,298.4,309.1,1299,62.5,228
EQR-6B3A8DEDFC,L,301.0,310.1,1802,21.7,125
EQR-E43173AD6D,L,302.3,311.0,1706,24.6,177
EQR-444111738E,L,300.8,310.9,1353,52.2,4
EQR-1BEF9EAA2E,M,300.4,310.7,1563,35.6,14
EQR-12AE971C4D,L,299.1,310.2,1758,37.7,3
EQR-FE239F34C4,M,300.6,308.5,1418,46.5,198
EQR-49F35FAD55,L,298.8,308.9,1683,26.4,130
EQR-95CB4B91E5,L,300.1,310.4,1502,39.9,127
EQR-EA4BA90A12,L,302.3,311.4,1641,31.5,129
EQR-2AB7C25B47,L,302.0,311.3,1724,24.5,4
EQR-CB06E22027,M,298.0,309.4,1437,48.1,50
EQR-C0EEBF23D4,L,299.5,308.5,1428,48.6,122
EQR-812B61690A,L,300.4,311.2,1412,41.9,191
EQR-34BED5BD68,M,298.2,309.3,1500,45.0,24
EQR-40D5A48952,L,300.3,309.9,1456,46.3,100
EQR-94B4110C11,L,300.8,308.7,1542,30.9,56
EQR-FFD0F9A00A,H,298.0,308.8,1671,33.7,60
EQR-617B8E6CE7,L,300.7,310.4,1453,45.3,23
EQR-9700140B20,M,302.4,312.5,1476,42.2,163
EQR-F6EC212151,L,302.6,313.0,1798,34.1,7
EQR-F28F101BC0,L,302.4,311.1,1645,36.2,157
EQR-4573B37CD5,H,296.8,308.0,1379,49.3,96
EQR-F7102B8D04,L,302.3,312.7,1335,56.4,12
EQR-22AE5DF7BB,L,298.0,309.2,1903,28.0,126
EQR-8BA37F11CF,L,301.5,311.4,1681,28.2,119
EQR-829ABF3B48,L,299.1,309.2,1569,33.3,76
